train_id,train_formation1,train_formation2,train_formation3,direction,松江温泉,ガーデン前,朝日ヶ丘,長江,秋鹿町,フォーゲル,高ノ宮,津ノ森,伊野灘,一畑口,園,湖遊館新駅,布崎,雲州平田,旅伏,美談,大寺,川跡,武志,大津町,科学館前,電鉄出雲市,川跡,高浜,遥堪,浜山公園北口,出雲大社前
201,E,,,down,742,737,734,731,729,726,724,721,719,716,712,710,709,705,,,,,,,,,,,,,
301,A,,,down,808,803,800,757,755,752,750,747,745,742,738,736,735,731,728,725,723,719,718,715,713,711,,,,,
303,B,,,down,851,846,843,840,838,835,833,830,828,825,821,819,818,814,811,808,806,802,801,758,756,754,,,,,
305,C,,,down,934,929,926,923,921,918,916,913,911,908,904,902,901,857,854,851,849,845,844,841,839,837,,,,,
2011,F,,,down,959,954,952,950,948,947,946,944,939,937,935,934,933,930,,,,,,,,,,,,,
307,E,,,down,1017,1012,1009,1006,1004,1001,959,957,954,951,947,945,944,940,937,934,932,926,925,922,920,918,,,,,
501,G,,,down,,,,,,,,,,,,,,,,,,1009,1008,1005,1003,1001,,,,,
101,A,,,down,1100,1055,1052,1049,1047,1044,1042,1040,1037,1034,1030,1028,1027,1023,1020,1017,1015,1013,,,,,,,,,
601,D,,,down,,,,,,,,,,,,,,,,,,1024,1023,1020,1018,1016,,,,,
503,G,,,down,,,,,,,,,,,,,,,,,,1052,1051,1048,1046,1044,,,,,
103,B,,,down,1143,1138,1135,1132,1130,1127,1125,1123,1120,1117,1113,1111,1110,1106,1103,1100,1058,1056,,,,,,,,,
505,G,,,down,,,,,,,,,,,,,,,,,,1135,1134,1131,1129,1127,,,,,
105,C,,,down,1226,1221,1218,1215,1213,1210,1208,1206,1203,1200,1156,1154,1153,1149,1146,1143,1141,1139,,,,,,,,,
603,H,,,down,,,,,,,,,,,,,,,,,,1150,1149,1146,1144,1142,,,,,
507,G,,,down,,,,,,,,,,,,,,,,,,1218,1217,1214,1212,1210,,,,,
107,E,,,down,1309,1304,1301,1258,1256,1253,1251,1249,1246,1243,1239,1237,1236,1232,1229,1226,1224,1222,,,,,,,,,
509,G,,,down,,,,,,,,,,,,,,,,,,1301,1300,1257,1255,1253,,,,,
109,A,,,down,1352,1347,1344,1341,1339,1336,1334,1332,1329,1326,1322,1320,1319,1315,1312,1309,1307,1305,,,,,,,,,
511,F,,,down,,,,,,,,,,,,,,,,,,1328,1327,1324,1322,1320,,,,,
キ111,H,,,down,1408,1403,1400,1358,1356,1354,1352,1350,1348,1346,1342,1341,1340,1336,1334,1333,1332,1330,,,,,,,,,
513,G,,,down,,,,,,,,,,,,,,,,,,1344,1343,1340,1338,1336,,,,,
113,B,,,down,1435,1430,1427,1424,1422,1419,1417,1415,1412,1409,1405,1403,1402,1358,1355,1352,1350,1348,,,,,,,,,
2001,F,,,down,,,,,,,,,,,,,,1413,1411,1410,1409,1407,1405,1403,1402,1401,,,,,
515,G,,,down,,,,,,,,,,,,,,,,,,1427,1426,1423,1421,1419,,,,,
115,C,,,down,1518,1513,1510,1507,1505,1502,1500,1458,1455,1452,1448,1446,1445,1441,1438,1435,1433,1431,,,,,,,,,
609,D,,,down,,,,,,,,,,,,,,,,,,1442,1441,1438,1436,1434,,,,,
517,G,,,down,,,,,,,,,,,,,,,,,,1510,1509,1506,1504,1502,,,,,
117,E,,,down,1601,1556,1553,1550,1548,1545,1543,1541,1538,1535,1531,1529,1528,1524,1521,1518,1516,1514,,,,,,,,,
519,G,,,down,,,,,,,,,,,,,,,,,,1553,1552,1549,1547,1545,,,,,
119,H,,,down,1644,1639,1636,1633,1631,1628,1626,1624,1621,1618,1614,1612,1611,1607,1604,1601,1559,1557,,,,,,,,,
613,D,,,down,,,,,,,,,,,,,,,,,,1608,1607,1604,1602,1600,,,,,
521,G,,,down,,,,,,,,,,,,,,,,,,1636,1635,1632,1630,1628,,,,,
121,B,,,down,1727,1722,1719,1716,1714,1711,1709,1707,1704,1701,1657,1655,1654,1650,1647,1644,1642,1640,,,,,,,,,
523,G,,,down,,,,,,,,,,,,,,,,,,1719,1718,1715,1713,1711,,,,,
123,C,,,down,1810,1805,1802,1759,1757,1754,1752,1750,1747,1744,1740,1738,1737,1733,1730,1727,1725,1723,,,,,,,,,
2003,D,,,down,,,,,,,,,,,,,,1739,1737,1736,1735,1733,1731,1729,1726,1725,,,,,
309,E,,,down,1853,1848,1845,1842,1840,1837,1835,1832,1830,1827,1823,1821,1820,1816,1813,1810,1808,1804,1803,1800,1758,1756,,,,,
311,H,,,down,1936,1931,1928,1925,1923,1920,1918,1915,1913,1910,1906,1904,1903,1859,1856,1853,1851,1847,1846,1843,1841,1839,,,,,
203,B,,,down,,,,,,,,,,,,,,1953,1951,1948,1946,1942,1941,1938,1936,1934,,,,,
313,C,,,down,2120,2115,2112,2109,2107,2104,2102,2059,2057,2054,2050,2048,2047,2043,2040,2037,2035,2031,2030,2027,2025,2023,,,,,
205,E,,,down,,,,,,,,,,,,,,2124,2122,2119,2117,2113,2112,2109,2107,2105,,,,,
1,G,,,down,,,,,,,,,,,,,,,,,,,,,,,718,715,712,709,707
3,G,,,down,,,,,,,,,,,,,,,,,,,,,,,801,758,755,752,750
5,G,,,down,,,,,,,,,,,,,,,,,,,,,,,844,841,838,835,833
7,G,,,down,,,,,,,,,,,,,,,,,,,,,,,926,923,920,917,915
101,A,,,down,,,,,,,,,,,,,,,,,,,,,,,1009,1006,1003,1000,958
103,B,,,down,,,,,,,,,,,,,,,,,,,,,,,1052,1049,1046,1043,1041
105,C,,,down,,,,,,,,,,,,,,,,,,,,,,,1135,1132,1129,1126,1124
107,E,,,down,,,,,,,,,,,,,,,,,,,,,,,1218,1215,1212,1209,1207
605,F,,,down,,,,,,,,,,,,,,,,,,,,,,,1248,1245,1242,1239,1237
109,A,,,down,,,,,,,,,,,,,,,,,,,,,,,1301,1258,1255,1252,1250
キ111,H,,,down,,,,,,,,,,,,,,,,,,,,,,,1328,1326,1324,1322,1320
113,B,,,down,,,,,,,,,,,,,,,,,,,,,,,1344,1341,1338,1335,1333
607,D,,,down,,,,,,,,,,,,,,,,,,,,,,,1414,1411,1408,1405,1403
115,C,,,down,,,,,,,,,,,,,,,,,,,,,,,1427,1424,1421,1418,1416
117,E,,,down,,,,,,,,,,,,,,,,,,,,,,,1510,1507,1504,1501,1459
611,D,,,down,,,,,,,,,,,,,,,,,,,,,,,1540,1537,1534,1531,1529
119,H,,,down,,,,,,,,,,,,,,,,,,,,,,,1553,1550,1547,1544,1542
121,B,,,down,,,,,,,,,,,,,,,,,,,,,,,1636,1633,1630,1627,1625
615,D,,,down,,,,,,,,,,,,,,,,,,,,,,,1706,1703,1700,1657,1655
123,C,,,down,,,,,,,,,,,,,,,,,,,,,,,1719,1716,1713,1710,1708
9,G,,,down,,,,,,,,,,,,,,,,,,,,,,,1803,1800,1757,1754,1752
11,G,,,down,,,,,,,,,,,,,,,,,,,,,,,1846,1843,1840,1837,1835
13,G,,,down,,,,,,,,,,,,,,,,,,,,,,,1941,1938,1935,1932,1930
15,G,,,down,,,,,,,,,,,,,,,,,,,,,,,2030,2027,2024,2021,2019
17,G,,,down,,,,,,,,,,,,,,,,,,,,,,,2112,2109,2106,2103,2101
200,B,,,up,,,,,,,,,,,,,,710,713,715,717,720,722,726,728,729,,,,,
300,C,,,up,715,720,723,726,728,731,733,735,738,742,745,747,748,753,756,758,800,804,805,809,811,812,,,,,
302,E,,,up,758,803,806,809,811,814,816,818,821,825,828,830,831,836,839,841,843,847,848,852,854,855,,,,,
100,A,,,up,841,846,849,852,854,857,859,901,904,908,911,913,914,919,922,924,926,928,,,,,,,,,
502,G,,,up,,,,,,,,,,,,,,,,,,932,933,937,939,940,,,,,
2010,D,,,up,,,,,,,,,,,,,,940,942,943,944,946,947,949,950,952,,,,,
102,B,,,up,924,929,932,935,937,940,942,944,947,951,954,956,957,1002,1005,1007,1009,1011,,,,,,,,,
504,G,,,up,,,,,,,,,,,,,,,,,,1015,1016,1020,1022,1023,,,,,
キ202,H,,,up,,,,,,,,,,,,,,1025,1027,1028,1029,1032,1033,1035,1037,1039,,,,,
104,C,,,up,1007,1012,1015,1018,1020,1023,1025,1027,1030,1034,1037,1039,1040,1045,1048,1050,1052,1054,,,,,,,,,
506,G,,,up,,,,,,,,,,,,,,,,,,1058,1059,1103,1105,1106,,,,,
キ106,E,,,up,1034,1039,1042,1044,1046,1049,1050,1052,1054,1057,1059,1100,1101,1106,1108,1109,1110,1112,,,,,,,,,
108,F,,,up,1050,1055,1058,1101,1103,1106,1108,1110,1113,1117,1120,1122,1123,1128,1131,1133,1135,1137,,,,,,,,,
508,G,,,up,,,,,,,,,,,,,,,,,,1141,1142,1146,1148,1149,,,,,
110,A,,,up,1133,1138,1141,1144,1146,1149,1151,1153,1156,1200,1203,1205,1206,1211,1214,1216,1218,1220,,,,,,,,,
510,G,,,up,,,,,,,,,,,,,,,,,,1224,1225,1229,1231,1232,,,,,
606,F,,,up,,,,,,,,,,,,,,,,,,1252,1253,1257,1259,1300,,,,,
112,B,,,up,1216,1221,1224,1227,1229,1232,1234,1236,1239,1243,1246,1248,1249,1254,1257,1259,1301,1303,,,,,,,,,
512,G,,,up,,,,,,,,,,,,,,,,,,1307,1308,1312,1314,1315,,,,,
514,F,,,up,,,,,,,,,,,,,,,,,,1332,1333,1339,1342,1343,,,,,
114,C,,,up,1259,1304,1307,1310,1312,1315,1317,1319,1322,1326,1329,1331,1332,1337,1340,1342,1344,1346,,,,,,,,,
516,G,,,up,,,,,,,,,,,,,,,,,,1350,1351,1355,1357,1358,,,,,
608,D,,,up,,,,,,,,,,,,,,,,,,1418,1419,1423,1425,1426,,,,,
116,E,,,up,1342,1347,1350,1353,1355,1358,1400,1402,1405,1409,1412,1414,1415,1420,1423,1425,1427,1429,,,,,,,,,
518,G,,,up,,,,,,,,,,,,,,,,,,1433,1434,1438,1440,1441,,,,,
2002,A,,,up,1411,1415,1417,1419,1421,1424,1425,1426,1428,1431,1433,1434,1435,1438,,,,,,,,,,,,,
118,H,,,up,1425,1430,1433,1436,1438,1441,1443,1445,1448,1452,1455,1457,1458,1503,1506,1508,1510,1512,,,,,,,,,
520,G,,,up,,,,,,,,,,,,,,,,,,1516,1517,1521,1523,1524,,,,,
612,D,,,up,,,,,,,,,,,,,,,,,,1544,1545,1549,1551,1552,,,,,
120,B,,,up,1508,1513,1516,1519,1521,1524,1526,1528,1531,1535,1538,1540,1541,1546,1549,1551,1553,1555,,,,,,,,,
522,G,,,up,,,,,,,,,,,,,,,,,,1559,1600,1604,1606,1607,,,,,
122,C,,,up,1551,1556,1559,1602,1604,1607,1609,1611,1614,1618,1621,1623,1624,1629,1632,1634,1636,1638,,,,,,,,,
524,G,,,up,,,,,,,,,,,,,,,,,,1642,1643,1647,1649,1650,,,,,
616,D,,,up,,,,,,,,,,,,,,,,,,1710,1711,1715,1717,1718,,,,,
304,E,,,up,1634,1639,1642,1645,1647,1650,1652,1654,1657,1701,1704,1706,1707,1712,1715,1717,1719,1725,1726,1730,1732,1733,,,,,
306,H,,,up,1717,1722,1725,1728,1730,1733,1735,1737,1740,1744,1747,1749,1750,1755,1758,1800,1802,1806,1807,1811,1813,1814,,,,,
308,B,,,up,1800,1805,1808,1811,1813,1816,1818,1820,1823,1827,1830,1832,1833,1838,1841,1843,1845,1849,1850,1854,1856,1857,,,,,
310,C,,,up,1855,1900,1903,1906,1908,1911,1913,1915,1918,1922,1925,1927,1928,1933,1936,1938,1940,1944,1945,1949,1951,1952,,,,,
312,E,,,up,1944,1949,1952,1955,1957,2000,2002,2004,2007,2011,2014,2016,2017,2022,2025,2027,2029,2033,2034,2038,2040,2041,,,,,
314,H,,,up,2026,2031,2034,2037,2039,2042,2044,2046,2049,2053,2056,2058,2059,2104,2107,2109,2111,2115,2116,2120,2122,2123,,,,,
2,G,,,up,,,,,,,,,,,,,,,,,,,,,,,722,725,728,731,733
4,G,,,up,,,,,,,,,,,,,,,,,,,,,,,805,808,811,814,816
6,G,,,up,,,,,,,,,,,,,,,,,,,,,,,848,851,854,857,859
100,A,,,up,,,,,,,,,,,,,,,,,,,,,,,931,934,937,940,942
102,B,,,up,,,,,,,,,,,,,,,,,,,,,,,1014,1017,1020,1023,1025
602,D,,,up,,,,,,,,,,,,,,,,,,,,,,,1026,1029,1032,1035,1037
104,C,,,up,,,,,,,,,,,,,,,,,,,,,,,1057,1100,1103,1106,1108
キ106,E,,,up,,,,,,,,,,,,,,,,,,,,,,,1112,1114,1116,1118,1120
108,F,,,up,,,,,,,,,,,,,,,,,,,,,,,1140,1143,1146,1149,1151
604,H,,,up,,,,,,,,,,,,,,,,,,,,,,,1152,1155,1158,1201,1203
110,A,,,up,,,,,,,,,,,,,,,,,,,,,,,1223,1226,1229,1232,1234
112,B,,,up,,,,,,,,,,,,,,,,,,,,,,,1306,1309,1312,1315,1317
114,C,,,up,,,,,,,,,,,,,,,,,,,,,,,1349,1352,1355,1358,1400
116,E,,,up,,,,,,,,,,,,,,,,,,,,,,,1431,1434,1437,1440,1442
610,D,,,up,,,,,,,,,,,,,,,,,,,,,,,1444,1447,1450,1453,1455
118,H,,,up,,,,,,,,,,,,,,,,,,,,,,,1515,1518,1521,1524,1526
120,B,,,up,,,,,,,,,,,,,,,,,,,,,,,1558,1601,1604,1607,1609
614,D,,,up,,,,,,,,,,,,,,,,,,,,,,,1610,1613,1616,1619,1621
122,C,,,up,,,,,,,,,,,,,,,,,,,,,,,1641,1644,1647,1650,1652
8,G,,,up,,,,,,,,,,,,,,,,,,,,,,,1726,1729,1732,1735,1737
10,G,,,up,,,,,,,,,,,,,,,,,,,,,,,1807,1810,1813,1816,1818
12,G,,,up,,,,,,,,,,,,,,,,,,,,,,,1850,1853,1856,1859,1901
14,G,,,up,,,,,,,,,,,,,,,,,,,,,,,1945,1948,1951,1954,1956
16,G,,,up,,,,,,,,,,,,,,,,,,,,,,,2034,2037,2040,2043,2045
18,G,,,up,,,,,,,,,,,,,,,,,,,,,,,2116,2119,2122,2125,2127
